name,kana,region,suffix,capital,capital_kana,mnemonic,decoy1,decoy2,wrong_kana1,wrong_kana2
鳥取,とっとり,1,県,鳥取市,とっとりし,鳥を取る、と覚えよう,烏,最,とりどり,ちょうしゅ
島根,しまね,1,県,松江市,まつえし,島の根っこ,嶋,恨,しまこん,とうこん
岡山,おかやま,1,県,岡山市,おかやまし,岡(おか)の山,崗,同,こうやま,おかさん
広島,ひろしま,1,県,広島市,ひろしまし,広い島,弘,鳥,こうしま,ひろじま
山口,やまぐち,1,県,山口市,やまぐちし,山の口(入り口),出,日,やまくち,さんこう
徳島,とくしま,1,県,徳島市,とくしまし,徳のある島,得,鳥,とくじま,とっとり
香川,かがわ,1,県,高松市,たかまつし,香(かお)りのよい川,杳,州,こうかわ,かかわ
愛媛,えひめ,1,県,松山市,まつやまし,愛する姫(媛)。「媛」は女へん,嬢,援,あいひめ,えいひめ
高知,こうち,1,県,高知市,こうちし,高い知恵,亭,智,たかち,こうじ
三重,みえ,2,県,津市,つし,三つが重なる,二,動,みしげ,さんじゅう
滋賀,しが,2,県,大津市,おおつし,滋(しげる)と賀(お祝い),慈,加,じが,しげ
京都,きょうと,2,府,京都市,きょうとし,京の都,景,郡,けいと,きょうず
大阪,おおさか,2,府,大阪市,おおさかし,「阪」はこざとへん(阝)。坂ではない,太,坂,おおざか,だいはん
兵庫,ひょうご,2,県,神戸市,こうべし,兵隊の倉庫(庫),丘,車,へいこ,ひょうこ
奈良,なら,2,県,奈良市,ならし,奈(いかん)と良(よい),奇,食,なりょう,だいら
和歌山,わかやま,2,県,和歌山市,わかやまし,和の歌の山,知,欧,わかさん,やわやま
新潟,にいがた,3,県,新潟市,にいがたし,新しい潟(さんずい),親,渇,しんがた,にいかた
富山,とやま,3,県,富山市,とやまし,富む山,福,出,ふやま,とみやま
石川,いしかわ,3,県,金沢市,かなざわし,石の川,右,州,いしがわ,せきせん
福井,ふくい,3,県,福井市,ふくいし,幸福の井戸,富,丼,ふくせい,ふくど
山梨,やまなし,3,県,甲府市,こうふし,山に梨(なし),利,黎,やまなす,さんり
長野,ながの,3,県,長野市,ながのし,長い野原,張,里,ちょうの,ながや
岐阜,ぎふ,3,県,岐阜市,ぎふし,岐(わかれ道)と阜(おか),技,卓,きふ,ぎぶ
静岡,しずおか,3,県,静岡市,しずおかし,静かな岡,青,崎,せいおか,しずこう
愛知,あいち,3,県,名古屋市,なごやし,愛が知る,受,和,えいち,あいじ
