id,region,category,level,type,question,answer,wrong1,wrong2,wrong3,explanation
r1-001,1,地形,1,choice,中国地方で、日本海側の地域を何というか。,山陰,山陽,北陸,南四国,鳥取県・島根県が山陰。「陰」は日かげの意味。
r1-002,1,地形,1,choice,中国地方で、瀬戸内海側の地域を何というか。,山陽,山陰,北陸,南四国,岡山・広島・山口(南部)が山陽。
r1-003,1,地形,1,choice,中国地方の北部を東西に走る山地はどれ？,中国山地,四国山地,紀伊山地,飛騨山脈,中国山地の北が山陰、南が山陽。
r1-004,1,地形,1,choice,四国地方の中央部を東西に走る山地はどれ？,四国山地,中国山地,紀伊山地,赤石山脈,四国山地の北が北四国(瀬戸内)、南が南四国。
r1-005,1,地形,1,choice,中国地方と四国地方の間にある海はどれ？,瀬戸内海,日本海,東シナ海,大阪湾,波がおだやかで、多くの島がある。
r1-006,1,地形,1,choice,鳥取県の日本海沿いに広がる、有名な大きな砂丘はどれ？,鳥取砂丘,九十九里浜,秋吉台,三保松原,砂丘の砂地ではらっきょうなどが作られている。
r1-007,1,地形,2,choice,山口県にある、日本最大級のカルスト地形の台地はどれ？,秋吉台,鳥取砂丘,吉備高原,四国カルスト,石灰岩が雨水にとけてできたカルスト地形。地下には秋芳洞がある。
r1-008,1,地形,1,choice,高知県を流れ、「日本最後の清流」といわれる川はどれ？,四万十川,吉野川,太田川,江の川,高知県西部を流れる川。
r1-009,1,地形,1,choice,徳島県を流れ、「四国三郎」とよばれる四国最大の川はどれ？,吉野川,四万十川,太田川,江の川,徳島平野をつくった川。
r1-010,1,地形,2,choice,愛媛県にある、西日本で一番高い山はどれ？,石鎚山,剣山,大山,氷ノ山,標高約1982m。四国山地にある。
r1-011,1,地形,2,choice,鳥取県にある、中国地方で一番高い山はどれ？,大山,石鎚山,剣山,比婆山,だいせん。標高約1729m。
r1-012,1,地形,1,choice,島根県の東部にある、しじみで有名な湖はどれ？,宍道湖,琵琶湖,浜名湖,諏訪湖,しんじこ。海水がまじる汽水湖。
r1-013,1,地形,1,choice,島根県の沖合の日本海に浮かぶ島々はどれ？,隠岐諸島,佐渡島,淡路島,小豆島,おきしょとう。
r1-014,1,地形,2,choice,徳島県と兵庫県(淡路島)の間にある、うずしおで有名な海峡はどれ？,鳴門海峡,関門海峡,明石海峡,来島海峡,潮の流れが速く、うずしおが見られる。
r1-015,1,地形,2,choice,高知県の南東にある、台風がよく上陸する岬はどれ？,室戸岬,足摺岬,潮岬,佐多岬,むろとみさき。太平洋に突き出ている。
r1-016,1,地形,2,choice,四国地方で、瀬戸内海に面していない県はどれ？,高知県,香川県,愛媛県,徳島県,高知県は太平洋だけに面している。
r1-017,1,地形,2,choice,次のうち、瀬戸内海に面していない県はどれ？,島根県,岡山県,広島県,香川県,島根県は日本海に面する。
r1-018,1,地形,1,choice,面積が日本で一番小さい県はどれ？,香川県,徳島県,山口県,鳥取県,うどんで有名な県。
r1-019,1,地形,1,choice,四国地方には県がいくつある？,4つ,3つ,5つ,6つ,香川・徳島・愛媛・高知の4県。
r1-020,1,地形,1,choice,中国地方には県がいくつある？,5つ,4つ,6つ,7つ,鳥取・島根・岡山・広島・山口の5県。
r1-021,1,地形,2,choice,瀬戸内の気候の特徴として正しいのはどれ？,一年を通して雨が少なく温暖,冬に雪が多い,夏に雨が非常に多い,一年中寒い,中国山地と四国山地が季節風をさえぎるため。
r1-022,1,地形,2,choice,冬に雪や雨が多い地域はどれ？,山陰,瀬戸内,南四国,山陽,北西の季節風が日本海から水分を運んでくる。
r1-023,1,地形,2,choice,南四国で、夏に雨が多い理由はどれ？,南東の季節風が四国山地にぶつかるから,北西の季節風が日本海から来るから,寒流が流れているから,平野が広いから,太平洋側の気候。台風の影響も受けやすい。
r1-024,1,地形,1,map,日本海にうかぶ隠岐諸島があるのはどの県？,島根,,,,隠岐諸島は島根県。
r1-025,1,地形,1,map,砂丘で有名な鳥取砂丘がある県はどこ？,鳥取,,,,日本海側の県。
r1-026,1,地形,1,map,秋吉台がある県はどこ？,山口,,,,本州のいちばん西。
r1-027,1,地形,1,map,四万十川が流れる県はどこ？,高知,,,,四国の南側。
r1-028,1,地形,2,map,鳴門海峡のうずしおで有名な県はどこ？,徳島,,,,四国の東側。
r1-029,1,地形,2,map,石鎚山(西日本最高峰)がある県はどこ？,愛媛,,,,四国の西側。
r1-030,1,地形,1,map,面積が日本で一番小さい県はどこ？,香川,,,,四国の北東。
r1-031,1,位置,1,map,中国・四国地方で、瀬戸内海にも日本海にも面している県はどこ？,山口,,,,山口県は北が日本海、南が瀬戸内海。
r1-032,1,位置,2,map,岡山県の北どなり(日本海側)にある県はどこ？,鳥取,,,,岡山の北が鳥取。
r1-033,1,農業,1,choice,高知平野で、温暖な気候を生かして、ビニールハウスで野菜を早い時期に出荷する栽培方法を何という？,促成栽培,抑制栽培,二毛作,輪作,ナスやピーマンなどを、ほかの産地より早く出荷する。
r1-034,1,農業,1,choice,高知県の促成栽培で、さかんに作られる野菜はどれ？,ナス,キャベツ,レタス,はくさい,ピーマンやきゅうりも多い。
r1-035,1,農業,1,choice,愛媛県で生産がさかんな果物はどれ？,みかん,りんご,もも,さくらんぼ,傾斜地の段々畑で栽培される。
r1-036,1,農業,1,choice,岡山県で有名な果物はどれ？,もも,みかん,りんご,さくらんぼ,白桃が有名。ぶどう(マスカット)も有名。
r1-037,1,農業,1,choice,鳥取県の特産の果物はどれ？,二十世紀なし,みかん,ぶどう,もも,鳥取県は日本なしの生産がさかん。
r1-038,1,農業,2,choice,鳥取砂丘の砂地で栽培されている作物はどれ？,らっきょう,みかん,ピーマン,茶,水はけの良い砂地を生かしている。
r1-039,1,農業,2,choice,徳島県で有名な、かんきつ類はどれ？,すだち,ゆず,レモン,いよかん,料理にしぼって使う香酸かんきつ。
r1-040,1,農業,2,choice,高知県で生産がさかんなかんきつ類はどれ？,ゆず,すだち,レモン,はっさく,馬路村などで有名。
r1-041,1,農業,1,choice,香川県の小豆島で、栽培がさかんな作物はどれ？,オリーブ,茶,ごま,りんご,地中海に似た雨の少ない気候を生かしている。
r1-042,1,農業,2,choice,広島県で国内の約6割を生産する(全国一)かんきつ類はどれ？,レモン,みかん,ゆず,すだち,瀬戸田(尾道市)などの瀬戸内の島々で栽培。
r1-043,1,農業,2,choice,香川県の讃岐平野で、雨が少なく水不足になりやすいため、多くつくられてきたものは？,ため池,ダム,用水路,運河,満濃池が有名。
r1-044,1,漁業,1,choice,広島湾でさかんに養殖されているものはどれ？,かき,ほたて,わかめ,真珠,広島県はかきの生産が全国一。
r1-045,1,漁業,2,choice,愛媛県の宇和海でさかんに養殖されている魚はどれ？,まだい,さけ,ふぐ,ひらめ,ぶりや真珠の養殖もさかん。
r1-046,1,漁業,1,choice,高知県で、昔から一本づりでとられている魚はどれ？,カツオ,さんま,いわし,たら,カツオの一本づりが有名。
r1-047,1,漁業,1,choice,山口県の下関が水あげで有名な、毒のある魚はどれ？,ふぐ,うなぎ,たい,ぶり,下関では『ふく』とよばれる。
r1-048,1,漁業,2,choice,鳥取県にある、水あげ量が多い日本海の漁港はどこ？,境港,焼津港,銚子港,釧路港,さかいみなと。かに・さばなどが水あげされる。
r1-049,1,漁業,2,choice,たまごから育てた稚魚をはなして、とる魚を増やす漁業を何という？,栽培漁業,遠洋漁業,沖合漁業,沿岸漁業,瀬戸内海などで行われている。
r1-050,1,漁業,2,choice,徳島県の鳴門海峡で、養殖がさかんな海そうはどれ？,わかめ,のり,こんぶ,ひじき,鳴門わかめが有名。
r1-051,1,工業,1,choice,瀬戸内海沿岸に発達した、工業がさかんな地域を何という？,瀬戸内工業地域,阪神工業地帯,中京工業地帯,京浜工業地帯,岡山・広島・山口・香川・愛媛にまたがる。
r1-052,1,工業,1,choice,岡山県倉敷市の水島地区などに集まる、石油を原料に化学製品をつくる工場群を何という？,石油化学コンビナート,自動車組立工場,電子部品工場団地,食品加工団地,原料を船で運びこみやすい臨海部にある。
r1-053,1,工業,2,choice,瀬戸内工業地域が発達した理由として正しいのはどれ？,船で原料や製品を運びやすく、塩田あとなど広い工場用地があった,内陸の山間部で電力が安かった,大都市のまん中にあって労働者が多かった,雪が多く外で作業しやすかった,海に面した広い用地と、海上輸送の便利さ。
r1-054,1,工業,2,choice,瀬戸内工業地域で、他の工業地帯・地域と比べて割合が高い工業はどれ？,化学工業,繊維工業,食料品工業,印刷業,石油化学コンビナートが多いため。
r1-055,1,工業,1,choice,広島市に本社がある自動車メーカーはどれ？,マツダ,トヨタ,ホンダ,スバル,広島県には自動車工業がさかん。
r1-056,1,工業,1,choice,愛媛県今治市で、さかんに作られている繊維製品はどれ？,タオル,畳,和紙,せともの,造船業もさかん。
r1-057,1,工業,2,choice,岡山県倉敷市の児島地区で有名な繊維製品はどれ？,ジーンズ,タオル,着物,くつ下,デニムの産地として有名。
r1-058,1,工業,2,choice,広島県福山市でさかんな工業はどれ？,鉄鋼業,製紙業,酒造業,陶磁器,大きな製鉄所がある。
r1-059,1,工業,2,choice,広島県の呉市や愛媛県の今治市でさかんな工業はどれ？,造船業,織物,製紙,半導体,瀬戸内海は波がおだやかで船をつくりやすい。
r1-060,1,都市と農村,1,choice,岡山県と香川県を結ぶ本州四国連絡橋のルートはどれ？,児島・坂出ルート,神戸・鳴門ルート,尾道・今治ルート,関門ルート,瀬戸大橋。鉄道も通っている。
r1-061,1,都市と農村,1,choice,広島県と愛媛県を結ぶ本州四国連絡橋のルートはどれ？,尾道・今治ルート,神戸・鳴門ルート,児島・坂出ルート,関門ルート,瀬戸内しまなみ海道。自転車で渡れる。
r1-062,1,都市と農村,1,choice,兵庫県と徳島県を結ぶ本州四国連絡橋のルートはどれ？,神戸・鳴門ルート,児島・坂出ルート,尾道・今治ルート,関門ルート,明石海峡大橋・大鳴門橋で結ぶ。
r1-063,1,都市と農村,1,choice,本州四国連絡橋は全部でいくつのルートがある？,3つ,2つ,4つ,5つ,神戸・鳴門、児島・坂出、尾道・今治。
r1-064,1,都市と農村,2,choice,橋ができて、人やお金が大都市に吸い寄せられ、地方が衰える現象を何という？,ストロー現象,ドーナツ化現象,ヒートアイランド現象,エルニーニョ現象,ストローでジュースを吸うように大都市へ。
r1-065,1,都市と農村,1,choice,山間部や離島で人口が急に減り、生活の維持が難しくなることを何という？,過疎,過密,少子化,都市化,かそ。学校や病院、バスなどが減る。
r1-066,1,都市と農村,1,choice,大都市に人口が集まりすぎて起こる、住宅不足や交通渋滞などの問題を何という？,過密,過疎,高齢化,少子化,かみつ。
r1-067,1,都市と農村,2,choice,徳島県上勝町が、地域おこしとして出荷しているものは？,料理にそえる葉っぱ(つまもの),魚のあぶら,木のおもちゃ,織物,高齢者が活躍する取り組みとして有名。
r1-068,1,都市と農村,1,choice,中国・四国地方の地方中枢都市(政令指定都市)はどれ？,広島市,松山市,高松市,鳥取市,中国・四国地方で人口が最も多い都市。
r2-001,2,地形,1,choice,日本で一番大きい湖はどれ？,琵琶湖,霞ヶ浦,浜名湖,宍道湖,滋賀県の面積の約6分の1をしめる。
r2-002,2,地形,1,choice,琵琶湖から流れ出て、大阪湾にそそぐ川はどれ？,淀川,紀の川,信濃川,利根川,滋賀県では瀬田川、京都府では宇治川とも呼ぶ。
r2-003,2,地形,2,choice,和歌山県北部を流れ、紀伊水道にそそぐ川はどれ？,紀の川,淀川,四万十川,長良川,きのかわ。
r2-004,2,地形,1,choice,三重・奈良・和歌山にまたがる大きな半島はどれ？,紀伊半島,志摩半島,能登半島,房総半島,きいはんとう。本州最大の半島。
r2-005,2,地形,1,choice,紀伊半島に広がる山地はどれ？,紀伊山地,中国山地,鈴鹿山脈,飛騨山脈,きいさんち。林業がさかん。
r2-006,2,地形,1,choice,三重県の志摩半島や福井県の若狭湾に見られる、入り江が多く複雑な海岸を何という？,リアス海岸,砂浜海岸,三角州,砂州,真珠の養殖などに利用される。
r2-007,2,地形,2,choice,兵庫県にある、大阪湾の西にうかぶ大きな島はどれ？,淡路島,小豆島,佐渡島,隠岐,瀬戸内海最大の島。
r2-008,2,地形,1,choice,本州の最南端にある岬はどれ？,潮岬,室戸岬,足摺岬,犬吠埼,しおのみさき。和歌山県にある。
r2-009,2,地形,2,choice,神戸市の北にそびえる山地はどれ？,六甲山地,紀伊山地,鈴鹿山脈,中国山地,ろっこうさんち。
r2-010,2,地形,2,choice,三重県と滋賀県の境にある山脈はどれ？,鈴鹿山脈,六甲山地,紀伊山地,飛騨山脈,すずかさんみゃく。
r2-011,2,地形,1,choice,近畿地方の北に広がる海はどれ？,日本海,瀬戸内海,東シナ海,オホーツク海,京都府・兵庫県・福井県の北は日本海。
r2-012,2,地形,1,choice,近畿地方には、いくつの府や県がある？,2府5県,1府6県,3府4県,2府4県,大阪府・京都府と、三重・滋賀・兵庫・奈良・和歌山の5県。
r2-013,2,地形,1,choice,近畿地方の府県で、海に面していないのはどれ？,奈良県,兵庫県,和歌山県,大阪府,滋賀県も海に面していない(選択肢にはない)。
r2-014,2,地形,2,choice,近畿地方で、面積が最も大きい府県はどれ？,兵庫県,三重県,京都府,和歌山県,日本海から瀬戸内海まで南北に長い。
r2-015,2,地形,2,choice,紀伊半島の南部で、雨が非常に多い理由はどれ？,夏の南東の季節風が山地にぶつかるから,冬の北西の季節風が日本海から来るから,寒流が流れているから,平野が広いから,尾鷲や大台ヶ原は日本有数の多雨地域。
r2-016,2,地形,1,map,日本で一番大きい琵琶湖がある県はどこ？,滋賀,,,,滋賀県は県の中央に琵琶湖がある。
r2-017,2,地形,1,map,本州最南端の潮岬がある県はどこ？,和歌山,,,,紀伊半島の南端。
r2-018,2,地形,1,map,リアス海岸で有名な志摩半島(英虞湾)がある県はどこ？,三重,,,,真珠の養殖がさかん。
r2-019,2,地形,1,map,瀬戸内海最大の島、淡路島が属する県はどこ？,兵庫,,,,明石海峡大橋で本州と結ばれている。
r2-020,2,地形,1,map,奈良盆地が広がる県はどこ？,奈良,,,,海に面していない県。
r2-021,2,地形,2,map,京都盆地が広がり、日本海にも面している府はどこ？,京都,,,,南北に長い。
r2-022,2,地形,2,map,大阪平野が広がり、大阪湾に面する府はどこ？,大阪,,,,面積は全国で2番目に小さい。
r2-023,2,産業,1,choice,大阪湾の沿岸に広がる、近畿地方の工業地帯を何という？,阪神工業地帯,京浜工業地帯,中京工業地帯,北九州工業地域,大阪府と兵庫県の臨海部が中心。
r2-024,2,産業,2,choice,阪神工業地帯で、他の工業地帯と比べて割合が高いのはどれ？,金属工業,食料品工業,繊維工業,印刷業,鉄鋼・金属製品などがさかん。
r2-025,2,産業,2,choice,大阪府の東大阪市などに多く、阪神工業地帯の特色の一つとされる工場はどれ？,中小工場(町工場),巨大な造船所だけ,農家の作業小屋,外国企業の本社,高い技術をもつ中小工場が多い。
r2-026,2,産業,1,choice,三重県四日市市に発達している、石油を原料にした工場群を何という？,石油化学コンビナート,自動車組立工場,製紙団地,電子部品工場,よっかいちし。
r2-027,2,産業,1,choice,四日市市で発生した公害病はどれ？,四日市ぜんそく,水俣病,イタイイタイ病,新潟水俣病,四大公害病の一つ。
r2-028,2,産業,1,choice,京都府の伝統的な織物はどれ？,西陣織,輪島塗,九谷焼,南部鉄器,にしじんおり。京友禅や清水焼も有名。
r2-029,2,産業,2,choice,琵琶湖の水質を守るため、滋賀県が使用を禁止した洗剤はどれ？,リンをふくむ合成洗剤,塩素系の漂白剤,せっけん,食器用洗剤すべて,1979年の条例。富栄養化を防ぐため。
r2-030,2,産業,1,choice,和歌山県で全国有数の生産がある果物はどれ？,うめ,りんご,もも,ぶどう,みかん・かきも上位。有田地方はみかんで有名。
r2-031,2,産業,1,choice,三重県の志摩半島(英虞湾)で養殖がさかんなものはどれ？,真珠,のり,かき,ほたて,リアス海岸の入り江で養殖。
r2-032,2,産業,2,choice,奈良県の吉野地方で、昔から育てられている有名な木はどれ？,すぎ,ひば,けやき,まつ,吉野すぎ。三重県の尾鷲ではひのきが有名。
r2-033,2,産業,2,choice,兵庫県の灘や京都府の伏見で、さかんに作られているものはどれ？,日本酒,ワイン,しょうゆ,ビール,酒造りに向く水と米がある。
r2-034,2,産業,1,choice,大阪・京都・神戸を中心とする大都市圏を何という？,京阪神大都市圏,首都圏,中京圏,福岡圏,人口が集中する近畿の中心。
r2-035,2,産業,2,choice,京都市が古い街なみを守るために定めているものはどれ？,景観条例,公害防止条例,環境基本条例,情報公開条例,建物の高さやデザインを制限している。
r2-036,2,世界遺産,1,choice,兵庫県姫路市にある、白い姿から白鷺城とよばれる世界遺産はどれ？,姫路城,大阪城,彦根城,松本城,日本で最初に世界遺産に登録された建物の一つ(1993年)。
r2-037,2,世界遺産,1,choice,世界遺産を登録している国連の機関はどれ？,ユネスコ,ユニセフ,WHO,WTO,UNESCO。
r2-038,2,世界遺産,2,choice,「古都京都の文化財」に含まれる、滋賀県の市はどこ？,大津市,彦根市,長浜市,近江八幡市,比叡山の延暦寺がある。
r2-039,2,世界遺産,2,choice,「紀伊山地の霊場と参詣道」がある県の組み合わせはどれ？,三重・奈良・和歌山,滋賀・京都・奈良,大阪・兵庫・和歌山,三重・滋賀・京都,高野山や熊野古道がある。
r2-040,2,世界遺産,2,choice,「百舌鳥・古市古墳群」にある、日本最大の古墳はどれ？,仁徳天皇陵古墳(大仙古墳),箸墓古墳,高松塚古墳,吉野ヶ里遺跡,大阪府堺市にある前方後円墳。
r2-041,2,世界遺産,2,choice,「古都奈良の文化財」に含まれる、大仏で有名な寺はどれ？,東大寺,清水寺,金閣寺,延暦寺,奈良の大仏がある。
r2-042,2,世界遺産,2,choice,京都府宇治市にある、10円硬貨の絵柄になっている世界遺産の建物はどれ？,平等院鳳凰堂,金閣,銀閣,清水寺,古都京都の文化財の一つ。
r2-043,2,世界遺産,1,map,世界最古の木造建築群「法隆寺地域の仏教建造物」がある県はどこ？,奈良,,,,法隆寺は聖徳太子ゆかりの寺。
r2-044,2,世界遺産,1,map,世界遺産の姫路城がある県はどこ？,兵庫,,,,姫路市にある。
r2-045,2,世界遺産,1,map,世界遺産の「百舌鳥・古市古墳群」がある府はどこ？,大阪,,,,堺市・羽曳野市・藤井寺市にある。
r2-046,2,世界遺産,1,map,「古都京都の文化財」の中心である府はどこ？,京都,,,,清水寺・金閣・銀閣などがある。
r2-047,2,世界遺産,2,map,高野山(金剛峯寺)がある県はどこ？,和歌山,,,,「紀伊山地の霊場と参詣道」の一部。
r3-001,3,地形,1,choice,中部地方を3つに分けたとき、日本海側の地域はどれ？,北陸,東海,中央高地,山陰,新潟・富山・石川・福井の4県。
r3-002,3,地形,1,choice,中部地方を3つに分けたとき、山地が多く内陸にある地域はどれ？,中央高地,北陸,東海,山陽,山梨・長野・岐阜など。
r3-003,3,地形,1,choice,中部地方を3つに分けたとき、太平洋側の地域はどれ？,東海,北陸,中央高地,山陰,静岡・愛知など。
r3-004,3,地形,1,choice,次のうち、北陸に含まれない県はどれ？,岐阜県,新潟県,富山県,石川県,北陸は新潟・富山・石川・福井。
r3-005,3,地形,1,choice,次のうち、海に面していない県はどれ？,長野県,新潟県,富山県,静岡県,山梨県・岐阜県も海に面していない。
r3-006,3,地形,1,choice,北アルプスともよばれる山脈はどれ？,飛騨山脈,木曽山脈,赤石山脈,越後山脈,ひだ。
r3-007,3,地形,1,choice,中央アルプスともよばれる山脈はどれ？,木曽山脈,飛騨山脈,赤石山脈,越後山脈,きそ。
r3-008,3,地形,1,choice,南アルプスともよばれる山脈はどれ？,赤石山脈,飛騨山脈,木曽山脈,越後山脈,あかいし。
r3-009,3,地形,2,choice,日本アルプスのうち、最も東(太平洋側)にある山脈はどれ？,赤石山脈,飛騨山脈,木曽山脈,越後山脈,西から飛騨・木曽・赤石の順。
r3-010,3,地形,1,choice,日本で一番高い山、富士山の標高はどれ？,3776m,3193m,2999m,4000m,静岡県と山梨県にまたがる。
r3-011,3,地形,2,choice,赤石山脈にある、日本で2番目に高い山はどれ？,北岳,奥穂高岳,槍ヶ岳,御嶽山,山梨県にある。標高3193m。
r3-012,3,地形,2,choice,石川県と岐阜県にまたがる、信仰の山はどれ？,白山,立山,御嶽山,乗鞍岳,はくさん。
r3-013,3,地形,1,choice,日本で一番長い川はどれ？,信濃川,利根川,木曽川,天竜川,約367km。新潟県で日本海へ。
r3-014,3,地形,2,choice,信濃川が長野県内を流れるときの名前はどれ？,千曲川,犀川,天竜川,木曽川,ちくまがわ。
r3-015,3,地形,1,choice,信濃川の下流に広がる、米どころの平野はどれ？,越後平野,濃尾平野,富山平野,甲府盆地,新潟県。
r3-016,3,地形,1,choice,長野県の諏訪湖から流れ出て、静岡県で太平洋にそそぐ川はどれ？,天竜川,信濃川,木曽川,大井川,てんりゅうがわ。
r3-017,3,地形,2,choice,次のうち、木曽三川に含まれない川はどれ？,天竜川,木曽川,長良川,揖斐川,木曽川・長良川・揖斐川の3つ。
r3-018,3,地形,1,choice,木曽三川が流れこむ湾はどれ？,伊勢湾,駿河湾,若狭湾,富山湾,愛知県・三重県に面する。
r3-019,3,地形,1,choice,濃尾平野の低地で、水害から守るため堤防で集落や田畑を囲んだものを何という？,輪中,防風林,段々畑,石垣,わじゅう。
r3-020,3,地形,1,choice,甲府盆地などで見られる、川が山地から平地に出るところにできた扇形の地形を何という？,扇状地,三角州,河岸段丘,リアス海岸,水はけがよい。
r3-021,3,地形,1,choice,長野県にある湖はどれ？,諏訪湖,浜名湖,琵琶湖,霞ヶ浦,すわこ。
r3-022,3,地形,1,choice,静岡県西部にある湖はどれ？,浜名湖,諏訪湖,河口湖,中禅寺湖,はまなこ。
r3-023,3,地形,2,choice,静岡県の南に広がる、日本で最も深い湾はどれ？,駿河湾,富山湾,伊勢湾,相模湾,するがわん。
r3-024,3,地形,1,choice,静岡県にある半島はどれ？,伊豆半島,能登半島,知多半島,房総半島,いずはんとう。
r3-025,3,地形,1,choice,石川県から日本海に突き出している半島はどれ？,能登半島,知多半島,伊豆半島,渥美半島,のとはんとう。
r3-026,3,地形,2,choice,愛知県にあり、伊勢湾と三河湾を分けている半島はどれ？,知多半島,能登半島,志摩半島,伊豆半島,ちたはんとう。
r3-027,3,地形,1,choice,新潟県の沖合にある大きな島はどれ？,佐渡島,隠岐,淡路島,小豆島,さどがしま。
r3-028,3,地形,1,choice,富山県が面している湾はどれ？,富山湾,駿河湾,若狭湾,伊勢湾,とやまわん。
r3-029,3,地形,1,choice,福井県の日本海側にある、入り江が複雑な湾はどれ？,若狭湾,富山湾,駿河湾,伊勢湾,わかさわん。
r3-030,3,地形,2,choice,静岡県西部の牧ノ原のように、まわりより高く平らな地形を何という？,台地,扇状地,盆地,三角州,水が得にくく、茶の栽培などに利用される。
r3-031,3,地形,1,map,能登半島がある県はどこ？,石川,,,,日本海に突き出ている。
r3-032,3,地形,1,map,佐渡島が属する県はどこ？,新潟,,,,日本海で最大級の島。
r3-033,3,地形,1,map,越後平野(信濃川の下流)が広がる県はどこ？,新潟,,,,米どころ。
r3-034,3,地形,1,map,甲府盆地がある県はどこ？,山梨,,,,扇状地が広がる。
r3-035,3,地形,1,map,諏訪湖がある県はどこ？,長野,,,,天竜川の水源。
r3-036,3,地形,1,map,浜名湖がある県はどこ？,静岡,,,,太平洋側。
r3-037,3,地形,1,map,知多半島・渥美半島がある県はどこ？,愛知,,,,伊勢湾と三河湾に面する。
r3-038,3,地形,1,map,若狭湾がある県はどこ？,福井,,,,リアス海岸が見られる。
r3-039,3,地形,1,map,富山湾に面している県はどこ？,富山,,,,立山連峰もある。
r3-040,3,地形,2,map,輪中が見られ、海に面していない県はどこ？,岐阜,,,,木曽三川の下流域にある。
